{
  "items": {
    "item0": {
      "package_id": [
        0,
        0
      ],
      "location": "E:\\data\\0406\\20230406\\17c2283d75594c9ba1eb249f9820d627.pdf",
      "position": [
        [
          284.707540521494,
          0.0
        ],
        [
          285.58491895701195,
          0.0
        ]
      ],
      "rotate": [
        true,
        true
      ],
      "page": 2,
      "is_rep": false,
      "size": [
        [
          285.51236749116606,
          210.6007067137809
        ],
        [
          285.51236749116606,
          210.6007067137809
        ]
      ]
    },
    "item1": {
      "package_id": [
        0,
        0
      ],
      "location": "E:\\data\\0406\\20230406\\cd694fa748a44e09bc93857fa08aeccd.pdf",
      "position": [
        [
          284.707540521494,
          210.00704721634955
        ],
        [
          285.58491895701195,
          210.00704721634955
        ]
      ],
      "rotate": [
        false,
        false
      ],
      "page": 2,
      "is_rep": false,
      "size": [
        [
          285.51236749116606,
          210.6007067137809
        ],
        [
          285.51236749116606,
          210.6007067137809
        ]
      ]
    },
    "item2": {
      "package_id": [
        0,
        0,
        0,
        0
      ],
      "location": "E:\\data\\0406\\20230406\\42b3364d7d8249519844fbdad02bdc15.pdf",
      "position": [
        [
          0.0,
          210.00704721634955
        ],
        [
          570.292459478506,
          210.00704721634955
        ],
        [
          0.0,
          0.0
        ],
        [
          570.292459478506,
          0.0
        ]
      ],
      "rotate": [
        true,
        true,
        true,
        true
      ],
      "page": 4,
      "is_rep": false,
      "size": [
        [
          285.51236749116606,
          210.6007067137809
        ],
        [
          285.51236749116606,
          210.6007067137809
        ],
        [
          285.51236749116606,
          210.6007067137809
        ],
        [
          285.51236749116606,
          210.6007067137809
        ]
      ]
    },
    "item3": {
      "package_id": [
        0,
        0
      ],
      "location": "E:\\data\\0406\\20230406\\f0cf1c4065d040fba5241b7088bcbe00.pdf",
      "position": [
        [
          284.707540521494,
          420.0140944326991
        ],
        [
          285.58491895701195,
          420.0140944326991
        ]
      ],
      "rotate": [
        true,
        true
      ],
      "page": 2,
      "is_rep": false,
      "size": [
        [
          285.51236749116606,
          210.6007067137809
        ],
        [
          285.51236749116606,
          210.6007067137809
        ]
      ]
    },
    "item4": {
      "package_id": [
        0,
        0
      ],
      "location": "E:\\data\\0406\\20230406\\d69ef1a5bbdf45bba86b88af0f4af142.pdf",
      "position": [
        [
          0.0,
          420.0140944326991
        ],
        [
          570.292459478506,
          420.0140944326991
        ]
      ],
      "rotate": [
        true,
        true
      ],
      "page": 2,
      "is_rep": false,
      "size": [
        [
          285.51236749116606,
          210.6007067137809
        ],
        [
          285.51236749116606,
          210.6007067137809
        ]
      ]
    },
    "item5": {
      "package_id": [
        0,
        0,
        0,
        0
      ],
      "location": "E:\\data\\0406\\20230406\\e073e8fe537e4495bdf1b8cd94835cac.pdf",
      "position": [
        [
          711.4164904862579,
          0.0
        ],
        [
          1.5821000704721655,
          0.0
        ],
        [
          711.4164904862579,
          420.0140944326991
        ],
        [
          1.5821000704721655,
          420.0140944326991
        ]
      ],
      "rotate": [
        false,
        false,
        false,
        false
      ],
      "page": 4,
      "is_rep": false,
      "size": [
        [
          142.40282685512366,
          210.6007067137809
        ],
        [
          142.40282685512366,
          210.6007067137809
        ],
        [
          142.40282685512366,
          210.6007067137809
        ],
        [
          142.40282685512366,
          210.6007067137809
        ]
      ]
    },
    "item6": {
      "package_id": [
        0,
        0,
        0,
        0,
        0,
        0,
        0,
        0
      ],
      "location": "E:\\data\\0406\\20230406\\6b0937235eb744f78e9c6094b7e0781c.pdf",
      "position": [
        [
          711.4164904862579,
          210.00704721634955
        ],
        [
          1.5821000704721655,
          210.00704721634955
        ],
        [
          569.415081042988,
          210.00704721634955
        ],
        [
          143.583509513742,
          210.00704721634955
        ],
        [
          569.415081042988,
          0.0
        ],
        [
          143.583509513742,
          0.0
        ],
        [
          569.415081042988,
          420.0140944326991
        ],
        [
          143.583509513742,
          420.0140944326991
        ]
      ],
      "rotate": [
        false,
        false,
        false,
        false,
        false,
        false,
        false,
        false
      ],
      "page": 8,
      "is_rep": false,
      "size": [
        [
          142.40282685512366,
          210.6007067137809
        ],
        [
          142.40282685512366,
          210.6007067137809
        ],
        [
          142.40282685512366,
          210.6007067137809
        ],
        [
          142.40282685512366,
          210.6007067137809
        ],
        [
          142.40282685512366,
          210.6007067137809
        ],
        [
          142.40282685512366,
          210.6007067137809
        ],
        [
          142.40282685512366,
          210.6007067137809
        ],
        [
          142.40282685512366,
          210.6007067137809
        ]
      ]
    },
    "line": {
      "package_id": [
        0,
        0,
        0,
        0,
        0,
        0,
        0,
        0,
        0,
        0,
        0,
        0,
        0,
        0,
        0,
        0,
        0,
        0,
        0,
        0,
        0,
        0,
        0,
        0,
        0,
        0,
        0,
        0,
        0,
        0,
        0,
        0,
        0,
        0,
        0,
        0,
        0,
        0,
        0,
        0,
        0,
        0,
        0,
        0,
        0,
        0,
        0,
        0,
        0,
        0,
        0,
        0,
        0,
        0,
        0,
        0
      ],
      "location": "F:\\pythonWorkPlace\\mycode\\gui\\gui\\line.pdf",